lat,lon,year
32.728072,-99.2946024,1946
33.0788867,-97.5654422,1946
33.5206824,-86.8024326,1946
33.6901097,-87.8891877,1946
34.0536909,-118.242766,1946
34.0980031,-118.329523,1946
34.1362075,-118.0401497,1946
34.2907874,-98.3750699,1946
34.8936766,-98.3658875,1946
35.996653,-78.9018053,1946
36.5879877,-79.3916713,1946
36.7563166,-90.3944869,1946
36.8289755,-83.7701975,1946
36.9064438,-88.2236421,1946
37.5139929,-87.6650997,1946
37.5413747,-85.2650391,1946
37.7792588,-122.4193286,1946
37.9247678,-90.5510587,1946
39.1014537,-84.5124602,1946
39.4278253,-86.428328,1946
39.6080469,-85.4453688,1946
39.8286897,-84.8898521,1946
39.9448402,-75.1198911,1946
39.9527237,-75.1635262,1946
39.9622601,-83.0007065,1946
40.0758822,-102.223253,1946
40.1142201,-75.13023,1946
40.2253569,-82.6881395,1946
40.3267407,-78.9219698,1946
40.3814581,-79.8597708,1946
40.4059025,-79.9119948,1946
40.4378434,-81.3731675,1946
40.4416941,-79.9900861,1946
40.4848003,-106.831735,1946
40.5035986,-79.9484404,1946
40.5697893,-79.7647705,1946
40.5861322,-98.3898883,1946
40.6526006,-73.9497211,1946
40.7127281,-74.0060152,1946
40.7135078,-73.8283132,1946
40.7139415,-73.830742,1946
40.7157545,-73.5898872,1946
40.7215682,-74.047455,1946
40.735657,-74.1723667,1946
40.7365804,-73.8783932,1946
40.7492678,-73.6406845,1946
40.7596198,-111.886797,1946
40.7706966,-79.5314119,1946
40.7795455,-74.0237512,1946
40.7887609,-76.5585175,1946
40.805378,-74.2037566,1946
40.8125881,-76.1416034,1946
40.826489,-74.1068091,1946
40.8466508,-73.8785937,1946
40.8860164,-74.0072568,1946
41.0349847,-111.9383931,1946
41.0534302,-73.5387341,1946
41.083064,-81.518485,1946
41.2321487,-103.8918864,1946
41.347817,-75.7564267,1946
41.4899827,-71.3137707,1946
41.4996574,-81.6936772,1946
41.5263603,-88.0840212,1946
41.5702561,-87.3365496,1946
41.5917495,-75.4851837,1946
41.6097726,-83.5643782,1946
41.6105983,-86.7225227,1946
41.6107243,-87.0522661,1946
41.8239891,-71.4128343,1946
41.8755616,-87.6244212,1946
42.2625621,-71.8018877,1946
42.2858536,-82.9780695,1946
42.583645,-83.2454883,1946
42.6079647,-113.78335,1946
42.7313756,-87.7834769,1946
42.9760854,-82.4333742,1946
43.9747838,-75.9107565,1946
44.0839937,-93.2261076,1946
44.4308975,-89.6884637,1946
44.9772995,-93.2654692,1946
45.9964655,13.0258433,1946
46.9932847,-93.5985615,1946
47.52326,-92.536571,1946
47.6038321,-122.330062,1946
48.4283182,-123.364953,1946
50.1106444,8.6820917,1946
51.1638175,10.4478313,1946
19.6854458,-155.1003754,1947
34.065846,-117.64843,1947
36.2030064,-119.08816,1947
38.1509077,-84.6838344,1947
38.592563,-85.3177344,1947
38.7014389,-90.1487199,1947
39.100105,-94.5781416,1947
39.7837304,-100.445882,1947
40.7433066,-74.0323752,1947
40.9586956,-75.9960371,1947
41.2230048,-111.9738429,1947
41.3272919,-89.1287636,1947
41.6529143,-83.5378173,1947
42.1167065,-86.4541894,1947
43.1687104,-78.696567,1947
48.5536972,-109.677802,1947
32.753177,-97.3327459,1948
32.7762719,-96.7968559,1948
32.7775015,-91.9126298,1948
33.5756375,-96.0752031,1948
33.7006664,-87.4547278,1948
33.983972,-101.3344603,1948
36.1563122,-95.9927516,1948
36.7533781,-86.1905424,1948
37.1169666,-87.8391211,1948
37.7478572,-84.2946539,1948
37.8044557,-122.271356,1948
37.8399791,-94.7082882,1948
38.0464066,-84.4970393,1948
38.3172715,-88.9031201,1948
38.5367471,-82.6829406,1948
38.5612578,-86.1179768,1948
38.8482602,-90.0768875,1948
39.0924792,-94.4137923,1948
39.1836082,-96.5716694,1948
39.4233043,-84.5936897,1948
39.5037486,-80.166815,1948
39.7478508,-81.5165127,1948
39.7990175,-89.6439575,1948
39.8772894,-82.2890375,1948
40.1950377,-86.667227,1948
40.2337289,-111.6587085,1948
40.2663107,-76.8861122,1948
40.4951365,-74.4439254,1948
40.5017344,-79.7264352,1948
40.7442807,-74.0869981,1948
41.0602024,-76.2461259,1948
41.0799898,-85.1386015,1948
41.6253116,-87.7175491,1948
41.6458633,-88.6217432,1948
42.3264181,-122.8718605,1948
43.635336,-113.299953,1948
47.7370442,-95.5131887,1948
48.7544012,-122.478836,1948
-22.1748508,-51.2534615,1949
18.4973317,-69.8522851,1949
29.9559145,-90.0730259,1949
30.6485191,-91.1564961,1949
30.7235263,-95.5507771,1949
30.8899124,-96.2946839,1949
31.2638905,-98.5456116,1949
31.5970503,-94.5927451,1949
32.0790074,-81.0921335,1949
32.1168234,-95.6746829,1949
32.8406946,-83.6324022,1949
33.1373366,-95.8394083,1949
34.5636358,-111.854317,1949
35.1595182,-84.8766115,1949
35.4396625,-95.9865145,1949
35.6172918,-87.8394705,1949
36.200055,-86.5186054,1949
36.6930592,-95.9078261,1949
36.7394421,-119.78483,1949
36.8411336,-83.22678,1949
37.1283343,-84.0835576,1949
37.2397486,-96.9955919,1949
37.4019918,-86.8758256,1949
37.4839373,-94.6419037,1949
37.7522783,-84.7611039,1949
37.7800592,-86.4605337,1949
37.8994945,-89.0520194,1949
37.9811576,-88.3292104,1949
38.4192496,-82.445154,1949
38.5250491,-89.1334037,1949
38.6280278,-90.1910154,1949
38.861159,-90.0976069,1949
39.0831712,-84.5107548,1949
39.2908816,-76.610759,1949
39.3520084,-83.3826928,1949
39.7683331,-86.1583502,1949
40.0581205,-82.4012643,1949
40.0639616,-80.7209149,1949
40.0959055,-80.724526,1949
40.1736547,-85.4941396,1949
40.1799111,-76.1789242,1949
40.3611643,-83.7596557,1949
40.5834557,-74.1496048,1949
40.5875371,-86.6750059,1949
40.7987113,-74.2390353,1949
40.8008286,-85.5018494,1949
40.8514971,-73.0994297,1949
40.868154,-73.425676,1949
40.8871438,-74.0410865,1949
40.9312099,-73.8987469,1949
41.0167508,-75.8971431,1949
41.139981,-104.820246,1949
41.1574297,-83.4141061,1949
41.5289732,-90.6092111,1949
41.5868654,-93.6249494,1949
41.6173959,-87.5220108,1949
41.6397857,-87.4548466,1949
41.6797598,-87.4944645,1949
42.03726,-88.2810994,1949
42.098698,-75.9125187,1949
42.0989145,-88.2714689,1949
42.2813722,-83.7484616,1949
42.291707,-85.5872286,1949
42.3875968,-71.0994968,1949
42.422241,-88.6137101,1949
42.5846773,-87.8212263,1949
42.7252774,-110.933402,1949
42.8501191,-106.325138,1949
42.8867166,-78.8783922,1949
43.0320827,-87.9203722,1949
43.0386475,-87.9090751,1949
43.07469,-89.3841663,1949
43.084841,-79.0701786,1949
43.435153,-89.7295833,1949
44.0500054,-91.6392294,1949
44.9497487,-93.0931028,1949
45.5031824,-73.5698065,1949
46.4070219,-105.847843,1949
46.7207737,-92.1040796,1949
47.6369051,-95.8864205,1949
48.8243455,-100.8431321,1949
49.4352231,21.6899851,1949
32.44645,-99.7475905,1950
33.7690164,-118.191604,1950
34.7465071,-92.2896267,1950
35.836667,-90.3672348,1950
36.1622767,-86.7742984,1950
38.8051095,-77.0470229,1950
40.586438,-80.2273615,1950
40.6639916,-74.2107006,1950
40.7312123,-74.2734808,1950
41.2403596,-75.9446428,1950
41.6047148,-82.7064804,1950
41.7244885,-81.245657,1950
41.7571701,-88.3147539,1950
44.9032963,-93.5663455,1950
32.3487502,-86.2763569,1951
32.4254325,-93.1082193,1951
33.7259478,-90.5514806,1951
36.5945034,-82.1885212,1951
37.6217133,-88.055585,1951
38.0531294,-81.1039858,1951
38.5810606,-121.493895,1951
38.9751547,-92.7440277,1951
39.2806451,-80.3445341,1951
39.3331197,-82.9824019,1951
39.7089362,-90.7245722,1951
40.125222,-87.6304614,1951
40.5114735,-85.6540606,1951
40.7264091,-74.2289491,1951
43.0481221,-76.1474244,1951
44.7947537,-106.8222688,1951
44.9371325,-91.3932118,1951
46.7838287,-92.1052679,1951
33.1384488,-96.1108066,1952
33.9824949,-117.374238,1952
34.2720338,-98.2358781,1952
34.6381255,-99.3339754,1952
35.4729886,-97.5170536,1952
35.6630196,-95.3927706,1952
36.5577082,-89.102082,1952
37.3541132,-121.955174,1952
37.8708393,-122.272863,1952
38.1597668,-87.4483482,1952
38.3505995,-81.6332812,1952
39.2085354,-84.5501874,1952
39.7589478,-84.1916069,1952
40.3478472,-79.864215,1952
40.4418068,-79.8819609,1952
40.8014826,-75.6101868,1952
40.9115386,-73.7826363,1952
42.7905911,-77.5319396,1952
43.7008749,-108.409568,1952
30.0829344,-94.0984277,1953
34.2179142,-81.715387,1953
34.5390629,-101.767781,1953
37.496904,-122.3330573,1953
37.6280602,-98.7485305,1953
38.4919935,-87.2786244,1953
39.201941,-96.304998,1953
39.944784,-83.2688045,1953
40.3634026,-79.8664375,1953
40.4236801,-79.8828275,1953
40.5583739,-85.6591442,1953
41.9852583,-88.0799571,1953
42.6160647,-77.4030253,1953
49.2608724,-123.113952,1953
30.4494155,-91.1869659,1954
35.0845275,-86.7336102,1954
36.9486986,-84.0968761,1954
37.2939322,-87.1233292,1954
37.7433757,-87.7039056,1954
38.2132087,-84.2492072,1954
38.5218802,-77.2911023,1954
38.8611619,-86.4872149,1954
40.2203074,-74.7659,1954
40.7014917,-73.8868028,1954
40.7542375,-86.3625191,1954
41.1643301,-112.123448,1954
41.7065539,-73.9283672,1954
41.764582,-72.6908547,1954
42.1294712,-80.0852695,1954
42.2416466,-84.425589,1954
42.9632425,-85.6678639,1954
43.076178,-76.000753,1954
46.1294685,-112.953131,1954
30.421309,-87.2169149,1955
36.2393013,-80.8445152,1955
36.9092773,-121.7529071,1955
39.3642852,-74.4229351,1955
40.2452976,-75.6496424,1955
40.4890564,-87.0961893,1955
41.1035786,-80.6520161,1955
45.6900818,-90.3971021,1955
45.7917043,-97.7496136,1955
47.427155,-92.937689,1955
50.9025349,-1.404189,1955
32.241538,-92.7154376,1956
32.5025471,-92.116219,1956
34.3625823,-92.8092694,1956
37.7742152,-87.1133304,1956
38.2542376,-85.759407,1956
39.0431586,-122.9140838,1956
39.4667025,-87.4139119,1956
39.7392364,-104.984862,1956
39.8950881,-92.1816013,1956
40.3275697,-80.0394977,1956
40.4939337,-85.148304,1956
40.7455316,-73.9484995,1956
40.8832318,-72.8578027,1956
41.2917475,-75.8746407,1956
42.3315509,-83.0466403,1956
42.466763,-70.9494939,1956
32.1618782,-91.7226934,1957
34.7740495,-79.4628248,1957
36.9497746,-90.1584341,1957
38.592339,-90.3564329,1957
40.7720145,-73.9302673,1957
41.3082138,-72.9250518,1957
42.6389216,-83.2910468,1957
43.6679992,-92.9746498,1957
32.2793121,-99.8812612,1958
33.1204062,-89.4659062,1958
33.3967079,-86.1597137,1958
35.4895085,-97.1636408,1958
36.8618975,-82.9183729,1958
36.9647458,-89.0893387,1958
37.102841,-85.3063504,1958
37.9300513,-89.5489852,1958
38.1448015,-83.7640847,1958
38.8950368,-77.0365427,1958
39.0889469,-84.4919524,1958
39.9234046,-83.810138,1958
40.7022913,-80.2860955,1958
45.5202471,-122.674194,1958
32.4078632,-87.0207473,1959
35.0645319,-88.8908918,1959
36.8297937,-84.8491126,1959
39.1134562,-94.626497,1959
41.368092,-89.4648145,1959
43.9416755,-90.6397264,1959
32.6154278,-93.2868354,1960
34.0990995,-118.1085554,1960
36.1772797,-87.3397319,1960
36.2914512,-88.7081123,1960
37.7644952,-89.3350888,1960
38.1967725,-81.4875812,1960
38.599243,-83.3187952,1960
39.8381691,-75.1526774,1960
40.7985464,-81.3749508,1960
41.2587459,-95.9383758,1960
42.4055981,-83.0965829,1960
48.7744263,-96.946447,1960
32.2998686,-90.1830408,1961
32.84569,-90.4146109,1961
33.9182285,-93.1488168,1961
34.9385244,-82.23791,1961
35.1068428,-77.0398762,1961
35.9288138,-89.904799,1961
37.8206503,-82.7290471,1961
37.8397984,-82.8159642,1961
38.2145287,-85.6681442,1961
39.9356016,-91.4098727,1961
39.9829308,-75.7652424,1961
41.6012796,-85.8590603,1961
42.716293,-78.828717,1961
30.6677037,-94.3813066,1962
31.4649685,-100.4405094,1962
32.7027017,-103.1355302,1962
33.7544657,-84.3898151,1962
34.5784341,-89.3275754,1962
34.9531295,-120.435857,1962
35.9603948,-83.9210261,1962
37.1914915,-82.7134905,1962
37.5467136,-87.983914,1962
37.970495,-87.5715641,1962
38.2456081,-87.03611,1962
40.3886847,-78.6722411,1962
40.6053825,-73.7551326,1962
41.4200938,-73.9545831,1962
41.5062834,-87.6357079,1962
41.5322592,-87.2550353,1962
42.792151,-96.1662993,1962
43.2341813,-86.2483921,1962
30.2711286,-97.7436995,1963
30.3321838,-81.655651,1963
34.769536,-92.2670941,1963
34.9129318,-79.8220026,1963
37.366328,-81.1026607,1963
39.516644,-84.4041725,1963
40.3491604,-84.1593008,1963
40.9167654,-74.171811,1963
48.1172301,-96.1770667,1963
29.396013,-94.9175485,1964
29.7589382,-95.3676974,1964
29.8826436,-97.9405828,1964
32.3643098,-88.703656,1964
32.7448687,-92.7137631,1964
33.8026107,-93.3810057,1964
35.1569986,-99.0603546,1964
35.7310015,-91.1994584,1964
36.0998131,-80.2440518,1964
39.6581163,-83.7349236,1964
39.7459468,-75.546589,1964
40.1936892,-85.3865271,1964
42.8142432,-73.9395687,1964
43.3678937,-124.2174647,1964
26.6845104,-80.6675577,1965
33.0369867,-117.2919818,1965
35.7333312,-81.3442915,1965
36.0956918,-79.4377991,1965
38.0933811,-88.5356076,1965
39.4149034,-85.0563234,1965
40.6916081,-75.2099866,1965
41.2331116,-80.4934035,1965
26.640628,-81.8723084,1966
31.5604076,-91.403171,1966
34.851354,-82.3984882,1966
35.0891932,-92.4398402,1966
36.0726355,-79.7919754,1966
37.1232245,-78.4927721,1966
37.6820583,-121.768053,1966
40.875891,-81.4023356,1966
42.2773177,-71.4165905,1966
25.7741566,-80.1935973,1967
28.810823,-81.8778582,1967
29.948261,-91.9887328,1967
30.2262187,-92.0178202,1967
30.4090829,-89.4350519,1967
30.7485258,-94.000884,1967
30.9163888,-97.3265306,1967
31.2837867,-90.4684315,1967
31.3119463,-92.4453558,1967
31.5850881,-95.8497596,1967
31.8934963,-84.51325,1967
32.0938236,-96.464675,1967
32.1979807,-83.17615,1967
32.3293809,-83.1137366,1967
32.3443601,-89.3259931,1967
32.4084539,-91.1869112,1967
32.5537585,-83.8874084,1967
32.7723775,-97.4742811,1967
32.9740155,-90.8245437,1967
33.039291,-85.0313269,1967
33.4466745,-94.0771483,1967
33.4956744,-88.4272627,1967
33.5822077,-96.1785028,1967
33.6783336,-118.000016,1967
33.8251139,-88.5436553,1967
33.995044,-118.4668875,1967
34.0020146,-88.7547357,1967
34.0572007,-79.3987578,1967
35.097838,-98.4356131,1967
35.3272928,-96.9253004,1967
35.6719722,-83.9314465,1967
35.7617667,-95.5463665,1967
35.9018987,-92.7098744,1967
36.4517276,-89.9670353,1967
36.7949221,-87.8782433,1967
36.9812407,-86.4233533,1967
37.2489635,-83.1933893,1967
37.2708788,-76.7074042,1967
37.3433974,-85.3419069,1967
37.5997548,-79.1483701,1967
37.6393419,-120.9968892,1967
37.6922361,-97.3375448,1967
37.8136583,-88.4381029,1967
38.0686668,-78.8893999,1967
38.0864739,-83.1262839,1967
38.2211656,-90.3790094,1967
38.4756712,-77.4255891,1967
38.4784144,-82.6379387,1967
38.6268666,-90.159707,1967
38.811063,-89.9017112,1967
38.8339578,-104.825348,1967
39.2191278,-74.7129026,1967
39.9284459,-75.2737955,1967
40.0323338,-74.9573908,1967
40.2922938,-79.8817181,1967
40.4864444,-86.1336351,1967
40.5710454,-111.8953815,1967
40.6149174,-111.9106607,1967
40.6578242,-84.9519115,1967
40.8088861,-96.7077751,1967
40.9125085,-73.8386504,1967
41.0413873,-83.6503982,1967
41.4086874,-75.6621294,1967
41.6833813,-86.2500066,1967
41.8878145,-87.7887615,1967
42.2713945,-89.093966,1967
42.2729262,-83.1352891,1967
42.3554334,-71.060511,1967
42.6719206,-88.543494,1967
42.8330755,-108.730702,1967
43.2102196,-75.4583956,1967
43.216505,-123.3417381,1967
43.4200387,-83.9490365,1967
46.0753795,-113.089332,1967
46.9970635,-120.545122,1967
47.2455013,-122.438329,1967
27.9449854,-82.4583107,1968
31.4146108,-86.0677243,1968
31.715036,-83.2541994,1968
32.4746949,-91.7568292,1968
32.7174202,-117.162772,1968
33.0792941,-90.3225881,1968
33.5845582,-92.8343294,1968
33.8347516,-117.911732,1968
33.924831,-118.2024154,1968
35.1460249,-90.0517638,1968
35.5939671,-89.262291,1968
35.595363,-82.5508407,1968
35.7803977,-78.6390989,1968
35.8725573,-76.6215245,1968
36.6106122,-88.3021092,1968
36.6744117,-121.655037,1968
36.7281652,-91.8525756,1968
37.1092162,-87.8819595,1968
37.3361663,-121.890591,1968
38.3903526,-84.2941013,1968
38.536456,-84.8418926,1968
39.1670396,-86.5342881,1968
39.3947469,-77.8958129,1968
39.766098,-105.0772063,1968
39.900937,-79.725931,1968
40.0978929,-74.2176435,1968
40.4002396,-80.5899788,1968
40.6022552,-75.4716115,1968
40.7352157,-73.6883239,1968
41.8228378,-87.848085,1968
42.3656347,-71.1040018,1968
42.3788774,-72.032366,1968
44.9485796,-90.5643019,1968
46.8701049,-113.995267,1968
46.975371,-123.815722,1968
23.135305,-82.3589631,1969
30.9038252,-84.5754768,1969
33.0965153,-90.4967573,1969
33.2757006,-82.9762589,1969
33.6294189,-91.399277,1969
33.6874388,-80.4363743,1969
33.8371392,-118.3413606,1969
34.0128323,-86.0030251,1969
34.0877926,-117.8891164,1969
34.1812089,-118.307201,1969
34.5774368,-83.332881,1969
35.3540209,-120.375716,1969
35.8348088,-90.7045297,1969
36.3926798,-79.744144,1969
37.5385087,-77.43428,1969
37.5726028,-85.1551411,1969
38.1803833,-81.3284452,1969
39.9184461,-75.2590721,1969
39.951634,-75.0487627,1969
40.6102386,-80.267726,1969
40.6186756,-80.5772928,1969
40.6325655,-80.4464547,1969
41.5058344,-90.5136642,1969
43.0161693,-83.6900211,1969
48.1465457,-103.621814,1969
29.8946952,-81.3145395,1970
30.8327022,-83.2784851,1970
31.4129695,-83.3290468,1970
31.7244035,-96.1648789,1970
32.4610708,-84.9880449,1970
32.6765772,-94.573983,1970
32.7326356,-89.5361825,1970
32.8040512,-81.9492812,1970
33.1731769,-84.914936,1970
33.4392245,-79.3343041,1970
33.4509513,-90.6550917,1970
33.6170092,-117.9294401,1970
34.0194704,-118.491227,1970
34.2006479,-90.5702071,1970
34.2367621,-84.4907621,1970
34.8253019,-116.0833144,1970
34.9809996,-79.2241998,1970
35.0525759,-78.878292,1970
35.6729639,-79.0392919,1970
36.8453199,-86.887219,1970
37.6090291,-121.899142,1970
39.049011,-95.677556,1970
39.4961458,-88.1761521,1970
40.0149856,-105.270545,1970
40.0483744,-86.4691677,1970
40.0796606,-89.4337288,1970
40.2353679,-76.8413613,1970
40.6574186,-73.6450664,1970
40.6872885,-80.2714505,1970
40.6938609,-89.5891008,1970
40.7556561,-73.5876273,1970
40.9287098,-74.0398622,1970
41.1175966,-73.4078968,1970
41.6100344,-87.6467132,1970
41.8500284,-88.3125738,1970
42.3746525,-70.9825807,1970
42.3928151,-83.0496438,1970
43.0166806,-88.0070315,1970
43.2560802,-79.8728583,1970
43.6166163,-116.200886,1970
43.8122836,-91.2514355,1970
45.0176181,-83.6670019,1970
51.3157833,9.4978479,1970
27.197983,-80.2519175,1971
30.711029,-94.9329898,1971
30.7818584,-85.538541,1971
32.1051567,-92.0779129,1971
32.9021377,-80.6672631,1971
33.1926096,-79.9978131,1971
33.3439995,-86.4380357,1971
33.4017766,-86.954437,1971
33.8551004,-91.0266112,1971
33.917028,-118.4156337,1971
34.3188565,-91.8459762,1971
34.4221319,-119.702667,1971
34.6941696,-81.642794,1971
34.9796349,-90.029253,1971
35.2272086,-80.8430827,1971
35.3054614,-79.4761236,1971
35.473745,-81.2545251,1971
36.2516475,-118.852583,1971
37.179496,-85.9069175,1971
38.1787175,-85.664528,1971
39.0817985,-77.1516844,1971
39.6444898,-86.8647316,1971
40.567181,-74.634683,1971
40.721775,-73.5582912,1971
40.7531775,-72.9415555,1971
40.7654301,-73.8174291,1971
40.8730654,-95.5659677,1971
42.0267567,-93.6170448,1971
43.157285,-77.615214,1971
27.7635302,-97.4033191,1972
31.1160119,-90.1420331,1972
31.5782062,-84.1556809,1972
31.83688,-102.0103767,1972
31.8782162,-85.4496627,1972
32.612602,-90.0367512,1972
32.6400541,-117.084195,1972
32.6776372,-84.5393664,1972
32.8772531,-85.183728,1972
33.8795325,-82.2797719,1972
34.4434282,-86.9352842,1972
34.4942683,-89.0078418,1972
35.2081695,-82.2384479,1972
35.2450607,-81.3410516,1972
35.3738712,-119.019463,1972
35.6144446,-88.8177418,1972
36.1018163,-78.4580543,1972
36.8493695,-76.2899539,1972
37.9577016,-121.290779,1972
38.2989422,-86.9549972,1972
38.9529442,-76.9408647,1972
39.7625404,-87.2291809,1972
40.2850285,-76.6534662,1972
40.5133218,-74.2724241,1972
42.0470043,-87.6846053,1972
42.3602273,-87.8318164,1972
44.9597858,-89.6272791,1972
10.7466905,-61.0840075,1973
31.2437872,-90.4531536,1973
32.5432591,-90.3094672,1973
32.9065168,-90.8781567,1973
33.2095614,-87.5675258,1973
33.4709714,-81.9748429,1973
33.5162315,-90.1795281,1973
35.0271856,-79.2432785,1973
35.2561937,-88.9878389,1973
36.8657651,-87.4889532,1973
37.5832541,-81.3804607,1973
37.9725501,-89.053408,1973
38.882334,-77.1710914,1973
40.7242205,-73.7164845,1973
40.7684351,-73.7770774,1973
40.8509333,-73.9701382,1973
41.8500997,-71.4661703,1973
41.8789942,-87.8436412,1973
42.5006243,-90.6647985,1973
44.7606481,-85.6165976,1973
52.957976,4.760279,1973
30.9382358,-90.5089843,1974
31.8284857,-87.3216563,1974
32.7678288,-117.0230839,1974
33.7388745,-118.3976474,1974
34.000754,-81.0352313,1974
34.200768,-118.5356869,1974
34.3217345,-78.703148,1974
34.3266879,-81.5830086,1974
34.7590477,-79.6106104,1974
36.0220785,-81.930812,1974
37.1922068,-98.0835849,1974
37.227928,-77.4019268,1974
37.270973,-79.9414313,1974
38.324505,-75.2188589,1974
39.415779,-77.4127562,1974
40.1148787,-75.3433705,1974
40.157556,-74.8321288,1974
40.2899154,-86.058442,1974
40.4034024,-79.8683824,1974
40.6415296,-73.6656011,1974
40.8842482,-72.3897131,1974
41.2455927,-89.9248303,1974
41.9758872,-91.6704053,1974
47.0034291,-123.408769,1974
28.1067315,-81.6287423,1975
28.5421218,-81.379045,1975
32.3777111,-86.3090775,1975
32.4709761,-85.0007653,1975
32.7711825,-108.2764164,1975
33.1054039,-88.5608767,1975
33.1958696,-117.379483,1975
33.5945144,-7.6200284,1975
33.7358518,-118.2922934,1975
34.1361187,-117.865339,1975
34.7348655,-77.9960816,1975
35.0034813,-91.2501639,1975
35.2923513,-81.5356463,1975
37.0622562,-97.0388338,1975
37.779686,-81.1750472,1975
38.0371378,-84.8962551,1975
38.9719137,-95.2359403,1975
40.8929329,-73.9726508,1975
40.924271,-98.338685,1975
41.1792695,-73.1887863,1975
41.434444,-74.035833,1975
41.7108662,-87.7581081,1975
42.0897965,-76.8077338,1975
42.2966861,-89.6212271,1975
45.6746836,-94.8075586,1975
45.7874957,-108.49607,1975
48.112779,-98.86512,1975
7.3786064,3.8969928,1975
26.1907543,-97.6960599,1976
32.5135356,-93.7477839,1976
33.4484367,-112.074141,1976
34.700923,-87.5289152,1976
36.1674263,-115.1484131,1976
39.997998,-76.3545372,1976
40.1053196,-85.6802541,1976
40.5403417,-80.1805269,1976
40.7695303,-73.5293246,1976
41.2951563,-83.1555438,1976
41.6147151,-87.6323811,1976
43.608619,-86.363963,1976
28.0222435,-81.7328568,1977
29.1871986,-82.1400923,1977
30.6913462,-88.0437509,1977
31.179998,-83.7887928,1977
31.7606732,-93.0860209,1977
32.1095975,-90.6234323,1977
34.257038,-85.1646726,1977
34.6391501,-120.4579009,1977
34.9119057,-117.8832412,1977
35.0457219,-85.3094883,1977
35.0855409,-80.8871253,1977
35.2626635,-77.5816353,1977
35.5829914,-78.3554751,1977
37.6833776,-87.9166916,1977
39.9289351,-85.3702477,1977
40.1948848,-92.5833939,1977
41.075213,-73.7750061,1977
41.1253903,-87.848682,1977
42.332918,-71.1187829,1977
47.7891763,22.8725598,1977
48.23251,-101.296273,1977
18.4466626,-66.0686837,1978
25.0782266,-77.3383438,1978
25.7331105,-80.2585107,1978
30.5452022,-83.8701636,1978
30.846201,-93.289281,1978
31.3271189,-89.2903392,1978
31.6301664,-91.5545649,1978
32.0173996,-83.0626489,1978
33.5855677,-101.8470215,1978
33.5917715,-85.8971885,1978
33.9562003,-118.353132,1978
34.729847,-86.5859011,1978
35.3880338,-94.4265011,1978
35.9423833,-77.7956949,1978
36.0103562,-84.2696449,1978
36.8320081,-76.297699,1978
37.3319664,-78.008448,1978
38.7098314,-93.2295515,1978
40.2101972,-77.0047276,1978
40.666149,-89.5800978,1978
42.0811563,-87.9802164,1978
42.2222614,-83.3965995,1978
55.6867243,12.5700724,1978
29.8716577,-93.9332302,1979
30.1586518,-85.6602936,1979
32.5178284,-87.8368201,1979
32.5404447,-82.903754,1979
33.0576295,-89.5875764,1979
34.0686208,-117.9389526,1979
34.2352853,-77.9487284,1979
35.0434362,-92.8570941,1979
35.2622654,-81.1838186,1979
35.3848841,-77.9927651,1979
35.7113362,-89.0876655,1979
38.0181745,-121.8901232,1979
38.1342805,-121.2736022,1979
38.5702006,-86.60968,1979
39.6895036,-84.1688274,1979
40.7642404,-74.215011,1979
42.4894801,-83.1446485,1979
42.7338254,-84.5546295,1979
43.8705186,-95.6002856,1979
47.6571934,-117.42351,1979
27.3365805,-82.5308545,1980
30.2305095,-93.2169807,1980
31.3499557,-85.7140361,1980
32.6308318,-90.0040817,1980
32.6421387,-87.2876639,1980
32.7636343,-79.9908987,1980
32.9832812,-82.8116031,1980
33.9463456,-118.200981,1980
34.2228884,-92.004334,1980
35.158408,-92.6417919,1980
35.649791,-88.1267025,1980
35.8240265,-80.2533838,1980
36.609196,-121.7592246,1980
36.7281341,-76.5834683,1980
39.4203978,-84.180897,1980
40.5193586,-78.3968299,1980
41.3325962,-73.2073358,1980
44.1858193,-88.462609,1980
50.0820384,8.2416556,1980
52.9086926,0.4940848,1980
26.0112014,-80.1494901,1981
27.4989278,-82.5748194,1981
28.8117345,-81.2680223,1981
28.9819277,-81.9242498,1981
32.3512601,-95.3010624,1981
32.8220876,-92.6579295,1981
32.8458529,-117.2575702,1981
33.0096709,-83.5339913,1981
33.8503463,-118.117191,1981
34.5258335,-82.652962,1981
34.6812012,-87.4061342,1981
36.280694,-80.3592197,1981
36.3277959,-119.6461565,1981
38.5933855,-90.2953925,1981
38.928167,-76.915807,1981
39.548827,-76.0898259,1981
40.004128,-75.2882893,1981
40.7399785,-84.105006,1981
40.8472909,-73.8163737,1981
41.5931049,-81.5267873,1981
41.9117134,-86.0100069,1981
42.7860227,-112.854437,1981
44.0505054,-123.0950506,1981
64.145981,-21.9422367,1981
8.9714493,-79.5341802,1981
30.3674198,-89.0928155,1982
31.3068546,-94.2690876,1982
31.5654441,-91.4259495,1982
32.4240535,-85.6908715,1982
33.7578725,-117.9859054,1982
35.8968236,-77.5358049,1982
35.9131542,-79.05578,1982
36.8496579,-75.9760751,1982
37.2242358,-95.7083131,1982
37.3494528,-108.584073,1982
37.4108841,-94.70496,1982
38.6050833,-89.6817621,1982
40.6987631,-73.8088251,1982
41.146763,-73.4948446,1982
41.4825788,-87.6802344,1982
41.5623178,-72.6509061,1982
42.4932575,-83.0062746,1982
44.1088502,-79.1226768,1982
44.811349,-91.4984941,1982
45.0564041,-92.8134982,1982
47.1301417,-119.278077,1982
48.8534951,2.3483915,1982
28.0394654,-81.9498042,1983
32.8881879,-84.3265855,1983
33.6442699,-79.7442135,1983
33.9528472,-84.5496148,1983
34.1112226,-82.8670839,1983
35.2436969,-89.3500714,1983
35.2590371,-77.6484879,1983
35.9824598,-86.5199492,1983
38.4493315,-78.8688833,1983
39.9597213,-75.6059638,1983
40.416782,-3.703507,1983
40.6348182,-75.5843529,1983
41.6735209,-72.9464859,1983
43.5476008,-96.7293629,1983
43.6534817,-79.3839347,1983
44.4478474,-92.2678663,1983
17.9712148,-76.7928128,1984
26.5289139,-80.058141,1984
32.8290581,-88.4767398,1984
33.5439212,-86.5427551,1984
34.1652304,-84.7997613,1984
35.1464797,-90.1845388,1984
36.6240321,-78.5569437,1984
36.9775016,-76.42977,1984
37.9723339,-81.1487136,1984
40.375713,-76.4626118,1984
40.9105988,-73.5620864,1984
40.9880495,-73.7974133,1984
41.012833,-81.6051221,1984
41.5381535,-72.8070435,1984
41.6612561,-91.5299106,1984
41.747319,-73.1887243,1984
41.9031963,-85.5356726,1984
42.4745982,-76.407596,1984
42.8620287,-112.450627,1984
42.9046933,-76.8627887,1984
44.6975256,-75.4924943,1984
44.8016255,-68.7713289,1984
45.2100367,-123.194463,1984
6.4550575,3.3941795,1984
8.9537012,-79.5375595,1984
19.7336834,-72.2224064,1985
27.9658533,-82.8001026,1985
28.8527675,-81.6853534,1985
30.5133568,-90.9189586,1985
32.2228765,-110.974847,1985
32.3528055,-90.8777342,1985
33.3806716,-84.7996573,1985
33.7911012,-118.3012604,1985
33.8984461,-88.9992267,1985
34.6845712,-99.9193825,1985
40.7792653,-72.9153827,1985
42.241051,-83.6117646,1985
42.8366545,25.5148563,1985
42.9922181,-79.2484192,1985
47.3075369,-122.2301808,1985
48.1371079,11.5753822,1985
51.0324743,6.9881194,1985
8.5344438,28.0984675,1985
26.5625742,-81.9438802,1986
30.1843642,-90.8592632,1986
31.5823832,-86.2571786,1986
32.5007031,-94.74049,1986
32.7219973,-84.0130926,1986
33.2281757,-91.7976285,1986
33.8708215,-117.929416,1986
34.0966764,-117.7197785,1986
35.6176544,-82.3205791,1986
36.7509272,-95.9771779,1986
40.7303534,-80.3100513,1986
40.86108,-79.895197,1986
41.43535,-81.514824,1986
41.5718945,-86.7490124,1986
41.8012088,-74.7466262,1986
41.8994745,-87.9403418,1986
18.547327,-72.3395928,1987
26.784343,-80.0650293,1987
31.2237285,-85.3934375,1987
31.3224044,-92.4343035,1987
33.4111051,-91.0635857,1987
35.3389062,-82.4663918,1987
36.6987494,-78.9013987,1987
37.0264414,-76.3442846,1987
38.8462236,-77.3063733,1987
39.158168,-75.5243682,1987
43.7391616,-87.7817541,1987
44.3140261,-94.4614177,1987
47.5653663,-122.6246836,1987
51.1733518,10.0680632,1987
53.048095,8.6286066,1987
-25.4944375,-49.284271,1988
18.1281473,-66.2692441,1988
18.3640599,-65.9526682,1988
18.4230137,-68.9661104,1988
26.1223084,-80.1433786,1988
28.0785034,-80.6077908,1988
29.6519684,-82.3249846,1988
30.6324149,-87.0396881,1988
31.6457944,-89.5553297,1988
33.8892265,35.5025585,1988
34.0676169,-118.0879763,1988
35.3414745,-89.8973084,1988
36.5963906,-119.4511877,1988
36.7168315,-76.2494453,1988
36.9929203,-86.4428677,1988
37.876291,-121.2717439,1988
38.657181,-90.1670585,1988
40.2601096,-74.2737573,1988
40.6728425,-73.3947639,1988
41.2620137,-75.897197,1988
41.5200518,-81.556235,1988
41.7061296,-71.5221451,1988
42.0289319,-87.8122348,1988
42.1018764,-72.5886727,1988
42.2682408,-83.2844172,1988
42.5467012,-83.2113192,1988
47.9793437,-122.2127011,1988
51.4485569,5.4501225,1988
18.1850507,-77.3947693,1989
24.5548262,-81.8020722,1989
29.2108147,-81.0228331,1989
30.4672234,-86.6189625,1989
31.2320941,-96.9262126,1989
31.6940509,-89.1306124,1989
32.912624,-96.6388833,1989
34.6051975,-98.3952279,1989
34.8662005,-92.1101458,1989
35.4020287,-90.7531682,1989
36.2494056,-77.66834,1989
37.9020731,-122.0618702,1989
38.5135805,-89.9841627,1989
40.201499,-77.1890783,1989
40.7970382,-74.4809868,1989
41.8157622,-87.8710479,1989
43.3565611,19.3584715,1989
43.389209,19.6493525,1989
43.7340647,15.8944767,1989
46.7304268,-117.173895,1989
51.5074456,-0.1277653,1989
54.8982139,23.9044817,1989
54.9830067,73.3745224,1989
59.9133301,10.7389701,1989
18.0431254,-77.50741,1990
20.8029568,-156.3106833,1990
27.937801,-82.2859247,1990
29.357515,-100.8987707,1990
30.0443879,31.2357257,1990
32.515887,-93.7336536,1990
32.7896202,-80.6303822,1990
32.9445682,-87.1386067,1990
33.9930677,-117.968675,1990
34.8045487,-86.9711698,1990
35.3046458,-76.7873888,1990
36.3010192,-76.2203699,1990
36.9096897,-77.2741121,1990
37.7934528,-79.9939484,1990
39.0286093,-96.8313978,1990
39.2089986,-76.0666126,1990
39.6430455,-77.7191081,1990
39.7136754,-82.5993294,1990
40.7267692,-73.7415208,1990
42.4374175,-76.5483724,1990
43.0494122,-88.0079271,1990
43.7234519,20.6870792,1990
43.8602746,16.1557855,1990
48.803083,-102.246001,1990
-10.3333333,-53.2,1991
-37.8142454,144.9631732,1991
-4.32171,15.3122511,1991
10.4430243,-61.2613054,1991
28.9827565,-95.969402,1991
32.3850708,-80.6923169,1991
33.5801103,-85.0766113,1991
33.9004572,-98.5020777,1991
33.9043212,-80.8770342,1991
33.9204354,-80.3414693,1991
34.1476507,-118.144155,1991
35.1481572,-92.5526197,1991
36.7375461,-76.5822294,1991
37.050096,-121.99059,1991
37.76721,-87.5573742,1991
38.3662806,-89.4201902,1991
39.3637773,-121.693583,1991
40.4656244,-80.0656106,1991
40.5742696,-74.60988,1991
44.8322405,-93.3204872,1991
44.8897027,-93.3501222,1991
45.0313156,-93.3395843,1991
25.0884534,-76.1345836,1992
29.6993748,-91.20677,1992
30.3646795,-88.5585995,1992
30.4499652,-93.4341349,1992
31.3080607,-86.482424,1992
32.6467914,-83.4351636,1992
33.3015121,-88.6147687,1992
33.6856969,-117.825981,1992
34.405472,-103.2050709,1992
35.8483867,-98.4133205,1992
36.6937606,-77.5357141,1992
36.7830145,-76.5462167,1992
37.4443293,-122.1598465,1992
39.8454163,-88.9524151,1992
39.9526791,-74.1968257,1992
40.7398242,-73.9354153,1992
40.7709499,-74.2264601,1992
40.8472369,-73.4036319,1992
42.5195292,-70.8967226,1992
42.638393,-79.027816,1992
43.8914332,20.3491624,1992
44.5126379,-88.0125794,1992
57.3903918,21.5635991,1992
27.9014133,-81.5859099,1993
29.4246002,-98.4951405,1993
33.6624824,-85.8283224,1993
33.750631,-117.8722311,1993
34.1483499,-118.0014517,1993
35.2454313,-78.3543933,1993
37.1641544,-120.7678602,1993
43.5116383,16.4399659,1993
44.4671371,26.1126963,1993
45.6941611,-121.88355,1993
48.2163194,18.6000869,1993
48.3883645,-115.5558612,1993
49.4143311,7.5722301,1993
51.937228,6.1275981,1993
11.9939978,8.5219738,1994
26.2378597,-80.1247667,1994
29.3872254,-94.992736,1994
30.8365815,-83.9787808,1994
31.1499528,-81.4914894,1994
31.6809362,-86.3244009,1994
35.8065455,-77.863315,1994
36.4423754,-77.0985753,1994
37.2769484,-107.8766,1994
38.3031837,-77.4605399,1994
38.7379949,-77.0043136,1994
40.335345,-75.9279495,1994
40.3600714,-80.6151034,1994
41.2042616,-73.7270761,1994
41.3160082,-91.7340327,1994
55.625578,37.6063916,1994
6.1914,7.2316,1994
18.3429082,-64.9188997,1995
26.715364,-80.0532942,1995
29.7957633,-90.822871,1995
31.7773202,-82.3490533,1995
33.1838787,-97.1413417,1995
33.8815601,-118.2935879,1995
34.1920186,-90.2946542,1995
35.2784173,-93.1337856,1995
37.0430812,-100.920999,1995
37.5972724,-90.6273444,1995
40.6736812,-73.6190736,1995
41.2035193,14.1168624,1995
41.2464824,-75.8817316,1995
41.900299,-87.8569745,1995
43.1108076,-94.6781897,1995
43.8570713,18.4126147,1995
44.0661044,-87.8842583,1995
44.8178131,20.4568974,1995
45.7669109,11.7343469,1995
46.2804298,-119.275205,1995
49.226766,17.6667415,1995
-26.205,28.049722,1996
-34.9281805,138.5999312,1996
19.5045485,-99.1997919,1996
27.6387163,-80.3975399,1996
31.7601164,-106.4870404,1996
32.3062535,-87.7980665,1996
32.3270827,-86.7119247,1996
32.6454116,-85.3782795,1996
34.0701151,-117.395582,1996
35.5642474,-89.6464672,1996
38.9997621,-77.0240371,1996
40.6787196,-82.5827749,1996
43.0865887,-91.5684784,1996
48.4200462,-122.32642,1996
50.4500336,30.5241361,1996
59.4372419,24.7572802,1996
12.7158152,-61.3252692,1997
17.729124,-64.7589156,1997
27.8963791,-81.8431567,1997
32.2735792,-90.127881,1997
32.6909704,-91.8717943,1997
32.7884363,-79.9399309,1997
33.8825705,-118.1167679,1997
35.6818059,-80.4322801,1997
37.7274692,-89.216655,1997
40.6667841,-111.888417,1997
40.7959335,-74.3148713,1997
41.7728699,-88.1479278,1997
44.932738,-96.054481,1997
46.2432913,14.3549353,1997
48.8012045,2.4309703,1997
50.4738654,1.5773184,1997
-36.852095,174.7631803,1998
14.693425,-17.447938,1998
18.4713858,-69.8918436,1998
31.0983747,-97.3429563,1998
33.4918203,-80.8556476,1998
33.8137161,-92.4129303,1998
33.894927,-118.226624,1998
37.0057958,-89.1772449,1998
38.2320006,-81.5378003,1998
39.1697626,-91.8829484,1998
39.4353373,-84.2029922,1998
39.9348351,-75.0307264,1998
41.6612104,-72.7795419,1998
41.6934591,44.8014495,1998
42.7424776,-93.2080861,1998
43.987742,-95.755846,1998
44.8277446,-92.9438218,1998
45.3310723,17.6765332,1998
46.0500268,14.5069289,1998
46.4548261,16.9923923,1998
49.7780356,9.9434769,1998
59.3251172,18.0710935,1998
22.406628,-79.9651013,1999
28.3556635,-80.7325345,1999
30.5254692,-89.6795084,1999
33.4663248,-82.5026089,1999
37.8240267,-76.7007912,1999
39.9547861,-82.8121191,1999
39.9831616,-75.8238355,1999
4.7676576,7.0188527,1999
40.4936586,-84.3146722,1999
40.6311415,-91.3084007,1999
40.7554496,-73.9433957,1999
41.2815783,-73.7131153,1999
41.7010642,-71.1546367,1999
41.8903447,-88.7713953,1999
42.4517622,18.5367516,1999
43.1406913,20.518057,1999
49.8955367,-97.1384584,1999
6.8137426,-58.1624465,1999
-25.9467092,-60.6200235,2000
-38.7176522,-62.2654871,2000
11.4194313,-7.4833878,2000
15.2991923,-61.3872868,2000
28.3583942,-105.5215257,2000
31.5702088,-85.2503315,2000
31.7562765,-84.6151965,2000
32.3944908,-96.8439365,2000
32.5184775,-92.1476353,2000
33.7038145,-117.9627349,2000
37.226611,-121.9746797,2000
39.7405111,-104.830994,2000
39.9861415,-88.2589387,2000
40.190632,116.412144,2000
40.7246999,-73.7048024,2000
41.006381,28.9758715,2000
41.0145418,-73.872635,2000
41.5466778,45.014959,2000
42.4733689,-83.2218731,2000
43.70953,-98.025379,2000
45.3053901,-93.7939996,2000
49.643101,30.788839,2000
60.1666204,24.9435408,2000
9.3553005,-79.8974085,2000
10.5060934,-66.9146008,2001
18.3278026,-65.6561832,2001
3.7990131,10.1265567,2001
30.2368772,-93.0137569,2001
33.170482,-86.2514099,2001
33.6795531,-84.4393724,2001
34.2345615,-118.5369316,2001
35.7720103,-87.7839129,2001
36.5277607,-87.3588703,2001
37.9755648,23.7348324,2001
39.731681,-75.1300457,2001
40.0289423,-74.8808221,2001
40.8078578,-73.9454671,2001
41.3825802,2.177073,2001
42.7098295,18.3457261,2001
43.0341595,19.7473559,2001
45.1465631,17.2551445,2001
45.6712544,18.9817862,2001
45.7752847,14.2139937,2001
49.8158683,6.1296751,2001
51.2085526,3.226772,2001
56.8605175,53.1977307,2001
-21.8788022,-47.8567619,2002
31.2312707,121.4700152,2002
34.8879397,-79.3661515,2002
35.4492404,-86.7888887,2002
37.7781702,-81.1881557,2002
39.1888874,-95.5697001,2002
39.5560869,21.7678844,2002
40.5928976,29.0776117,2002
40.6201412,-74.4222416,2002
42.2942045,-83.3099303,2002
42.3192548,-85.1824269,2002
42.6707598,-72.5474737,2002
44.8702281,13.8455311,2002
45.8130967,15.9772795,2002
46.509144,15.0790677,2002
47.0617293,-0.8801359,2002
49.9706701,9.1384857,2002
50.0385812,15.7791356,2002
52.0799838,4.3113461,2002
52.2319581,21.0067249,2002
53.3493795,-6.2605593,2002
55.8455828,-4.4239646,2002
-20.720278,-47.886667,2003
-23.5506507,-46.6333824,2003
16.2706436,-61.5057749,2003
29.9743803,-93.9923965,2003
30.4007626,-88.8893818,2003
30.5182727,-82.94819,2003
33.4638745,-88.8152074,2003
34.09751,-117.6483876,2003
38.6163238,-90.1471628,2003
38.7848249,-76.9694016,2003
40.1481349,-89.3636569,2003
41.9302021,2.2545943,2003
42.0979745,19.0954528,2003
42.4966815,-96.4058782,2003
42.9132581,-85.7057035,2003
43.3435855,17.8076584,2003
44.9391565,-123.033121,2003
45.2551338,19.8451756,2003
45.3802683,20.3907614,2003
45.7813532,-122.5337433,2003
47.6742994,-116.7811531,2003
48.9759637,2.1998877,2003
51.7687323,19.4569911,2003
51.9244424,4.47775,2003
54.5562536,23.3503665,2003
-22.9215542,-43.1860269,2004
-30.3154739,-61.1645076,2004
18.6078948,-69.4885492,2004
30.6337077,-92.4197754,2004
31.5536678,-90.1072865,2004
33.6534427,-84.4493725,2004
35.4503381,139.6343802,2004
37.5666791,126.9782914,2004
38.4210209,-121.4238414,2004
38.9742502,-94.6851702,2004
39.9401426,-82.005019,2004
42.6511674,-73.754968,2004
43.0072424,-96.0583138,2004
43.207178,-71.537476,2004
43.3235158,-99.8941094,2004
46.2293889,15.2616828,2004
46.5576439,15.6455854,2004
54.9678145,82.9515989,2004
56.9493977,24.1051846,2004
7.7001398,27.9909335,2004
-31.874029,-62.7160986,2005
-34.9058916,-56.1913095,2005
-35.2841955,138.6261912,2005
14.6776144,-60.939021,2005
29.5293998,-95.2010447,2005
32.7918133,-93.055718,2005
33.0890094,-96.8863922,2005
37.7249296,-122.1560768,2005
38.9736819,-5.8003669,2005
39.2667309,-81.5620755,2005
39.3113257,-94.922759,2005
39.6296809,-79.9559437,2005
40.1728871,-74.9926688,2005
40.3334409,-74.6004341,2005
41.0339862,-73.7629097,2005
41.5538091,-73.0438362,2005
43.7533414,-88.4493796,2005
47.8105738,-122.3774952,2005
51.530018,46.034683,2005
55.7127529,21.1350469,2005
-33.7455871,-61.9686068,2006
14.791461,-16.925605,2006
16.2328276,-61.7896133,2006
18.2116354,-67.0953572,2006
28.2935785,-16.6214471,2006
29.6185669,-95.5377215,2006
33.9732275,-78.3858371,2006
34.0739016,-117.3136547,2006
34.4458248,-119.0779359,2006
35.5120831,24.0191544,2006
36.1623886,-85.4997057,2006
38.8849913,-76.9134765,2006
39.3765918,-77.1549078,2006
39.6383092,22.4160706,2006
39.7743941,30.519116,2006
41.289811,-73.9204922,2006
41.2951037,-92.6448451,2006
41.8933203,12.4829321,2006
42.2830786,-87.9531303,2006
44.5391105,18.675193,2006
46.4602978,6.8418655,2006
47.10529,-104.71246,2006
-0.7151966,8.7787919,2007
-34.6095579,-58.3887904,2007
18.465299,-66.116666,2007
19.7225234,-70.7208338,2007
28.5977707,-81.3510264,2007
30.6350817,120.3572979,2007
32.0108506,-97.1303744,2007
32.4586695,-83.7319658,2007
33.0637706,-86.0538692,2007
33.6956461,-78.8900409,2007
34.1689262,-118.5365791,2007
34.7691867,-84.9702475,2007
36.0625843,-94.1574328,2007
36.5817089,-86.5163833,2007
40.4233142,-104.7091322,2007
41.3812851,2.0446381,2007
41.5894753,-88.057837,2007
42.2912093,-71.1244966,2007
44.6386593,11.1874019,2007
45.5548793,18.6953685,2007
47.5048851,-111.29189,2007
48.0158753,37.8013407,2007
48.4680221,35.0417711,2007
49.4404591,1.0939658,2007
-33.8698439,151.2082848,2008
22.6203348,120.3120375,2008
27.7712264,-82.6340259,2008
3.8689867,11.5213344,2008
30.6517377,-101.3766686,2008
31.2462916,48.7597528,2008
33.7123305,-84.1051939,2008
34.1649502,-118.374752,2008
37.2081729,-93.2922715,2008
37.6816841,-95.4517985,2008
39.0000001,116.0,2008
39.5812525,2.7092683,2008
42.6829765,-89.0226793,2008
45.238067,9.408656,2008
45.4401467,4.3873058,2008
49.1460831,0.2255168,2008
50.4637381,11.5372317,2008
61.2163129,-149.894852,2008
-35.2975906,149.1012676,2009
-4.2694407,15.2712256,2009
-6.8160837,39.2803583,2009
16.2408636,-61.5334077,2009
28.8021812,-81.731332,2009
32.0193121,34.7804076,2009
32.8998822,-105.9602081,2009
33.5215013,-84.3538128,2009
34.1033192,-117.575173,2009
34.2572499,-118.6017022,2009
36.4173514,-81.2050895,2009
37.1815024,-77.2153144,2009
38.7522607,-76.8969155,2009
39.8428215,-82.805646,2009
40.0028514,-75.2707469,2009
40.730441,-73.3263791,2009
40.8398218,-74.2765366,2009
48.0074736,-121.7304882,2009
57.5080076,12.6970568,2009
-26.3044898,-48.8486726,2010
10.5182899,7.4359863,2010
18.3682128,-77.6043615,2010
26.8200607,-80.6653351,2010
27.4467056,-80.3256056,2010
29.5580242,-95.8068304,2010
33.1263899,-91.96297,2010
33.2115087,-92.6650144,2010
33.4151005,-111.831455,2010
34.5793131,-118.11711,2010
35.6571367,-97.4649038,2010
39.9895878,28.8944669,2010
4.9371544,-52.3258736,2010
40.6409555,-74.383846,2010
44.7670567,-93.2773887,2010
48.1762534,-2.7535644,2010
51.0538286,3.7250121,2010
59.938732,30.316229,2010
-11.6642316,27.4826264,2011
21.5119156,-104.8915889,2011
26.1667184,-80.2085565,2011
28.6714702,-81.3382005,2011
34.2978794,-83.8240663,2011
37.8225892,-122.0008254,2011
38.1040864,-122.2566367,2011
38.7877791,-90.6747372,2011
38.8898478,-94.5313816,2011
38.951883,-92.3337366,2011
39.3398404,-74.5751484,2011
39.7972788,-84.3113334,2011
40.20824,-74.7755065,2011
40.3042778,-73.9923596,2011
40.7300685,-73.2107266,2011
41.4796899,2.3118347,2011
41.8006523,-73.1212214,2011
42.0911853,-76.5499445,2011
43.309941,-73.644447,2011
43.5380238,-89.0064876,2011
44.9863892,-93.5715908,2011
45.9562503,12.6597197,2011
46.5093268,6.498317,2011
47.3744489,8.5410422,2011
49.8349139,18.2820084,2011
-21.7609533,-43.3501129,2012
-32.3746009,-63.4550363,2012
-38.661326,178.0206487,2012
33.732052,-84.9191081,2012
33.8062166,-84.1457505,2012
34.687584,-120.4390175,2012
36.1796007,-77.2235757,2012
36.2231079,-121.387742,2012
36.3302284,-119.292058,2012
37.5131191,-77.3465081,2012
37.9485356,-122.5247031,2012
38.5674096,-77.3267652,2012
38.6474569,-83.7644793,2012
39.0053201,-87.7391936,2012
39.4697065,-0.3763353,2012
43.5896231,-79.6443879,2012
46.4843023,30.7322878,2012
48.3275249,7.3363439,2012
50.304864,2.763456,2012
50.5955595,36.5873394,2012
51.2151749,-0.7984854,2012
51.264018,7.1780374,2012
55.4984381,25.6025772,2012
58.5909124,16.1903511,2012
6.3330586,5.6221058,2012
-25.537583,152.7019182,2013
-30.0324999,-51.2303767,2013
-38.136073,176.2525434,2013
15.374006,-16.4497224,2013
28.5000001,-106.0000001,2013
31.1171441,-97.727796,2013
32.0906242,34.8839799,2013
32.3140354,-106.779807,2013
32.5973857,-82.3337376,2013
32.7355816,-97.1071186,2013
33.8644291,-118.0539323,2013
33.9375177,-117.2305791,2013
34.02332,-84.360022,2013
34.6981064,-118.1366153,2013
37.8771476,-122.1796888,2013
38.965365,-76.8417927,2013
40.2023684,-74.4079671,2013
41.4266361,-73.6788272,2013
41.4672552,-87.0604487,2013
41.8814184,-87.88319,2013
41.9961816,21.4319213,2013
42.6362052,-70.8431049,2013
43.4597045,19.8154494,2013
44.7324559,18.0850157,2013
44.9475726,-93.3569023,2013
45.5616075,-94.1642004,2013
45.7578137,4.8320114,2013
45.7762844,12.0452878,2013
48.1164285,39.0886375,2013
49.3165553,8.433615,2013
49.8465253,3.2876843,2013
52.2646577,10.5236066,2013
-22.821635,-42.9956797,2014
-23.5324859,-46.7916801,2014
-27.4689623,153.0235009,2014
29.9146493,-90.0539604,2014
32.5276503,-92.7140403,2014
33.0283854,-97.0867203,2014
33.4255117,-111.940016,2014
33.6633386,-117.903317,2014
33.7440023,-90.7248187,2014
35.88137,-106.298959,2014
38.4187168,27.1282675,2014
38.7135498,-77.795367,2014
39.9555928,-86.0138729,2014
40.3640349,-111.7386884,2014
41.45011,-74.4164807,2014
42.2178171,-85.8911246,2014
42.3289067,-71.0850853,2014
42.4268484,-71.0683741,2014
42.4415238,19.2621081,2014
42.5803122,-83.0302033,2014
43.685832,-79.7599366,2014
46.2017559,6.1466014,2014
47.4799078,-122.2034496,2014
47.7467233,7.3389937,2014
47.8012197,-120.6276904,2014
47.9252104,-97.0306325,2014
-19.9227318,-43.9450948,2015
-22.2343858,-45.9327241,2015
15.2272182,-23.1563014,2015
29.5351724,-95.1161564,2015
32.844017,-97.1430671,2015
36.0600602,-86.6722192,2015
36.6779726,8.752647,2015
37.8500191,-99.7567932,2015
38.0952616,-76.8277024,2015
39.5103048,-84.7420519,2015
40.0379958,-76.3056707,2015
40.518157,-74.4113926,2015
40.6178915,-75.3786521,2015
40.701213,-74.2301459,2015
41.801159,-88.0747687,2015
42.4153739,-71.1564428,2015
42.6491029,18.0939501,2015
43.7128967,-87.9370433,2015
43.9030925,22.2785536,2015
45.7727397,19.1147036,2015
50.9929303,7.1277379,2015
52.131802,-106.660767,2015
56.5048435,21.0070903,2015
58.6124279,82.0475315,2015
13.8001844,-10.2245548,2016
14.582622,-17.034832,2016
26.535681,-78.6953623,2016
36.3049177,-86.621443,2016
37.6688205,-122.080796,2016
38.0546653,23.8081533,2016
38.8105035,-76.950006,2016
38.8709984,-99.3311525,2016
38.9253129,-76.8815433,2016
4.0429389,9.7062018,2016
40.4258686,-86.9080655,2016
40.4667713,-74.6607144,2016
41.3304767,-74.1866348,2016
41.3556187,-72.0997804,2016
41.4411786,-90.5766144,2016
42.194543,-71.1994976,2016
42.7070354,-71.1631137,2016
43.1133536,17.705039,2016
43.451291,-80.4927815,2016
43.5515198,7.0134418,2016
45.5027926,-91.733423,2016
48.2083537,16.3725042,2016
49.4093582,8.694724,2016
50.0874654,14.4212535,2016
54.6870458,25.2829111,2016
57.5389148,25.4261688,2016
8.0300284,-1.0800271,2016
14.0095966,-60.9902359,2017
18.2129421,-66.0558844,2017
30.6183939,-96.3455991,2017
31.1991806,29.8951716,2017
32.0852997,34.7818064,2017
33.0935112,-97.1200046,2017
34.0000001,113.9999999,2017
34.6628067,-80.700546,2017
35.8668281,-76.7485555,2017
36.3107004,-78.5908345,2017
37.3859982,-77.578509,2017
38.8162451,-76.751708,2017
39.1399187,-77.1929215,2017
39.5184514,-104.7612638,2017
40.126139,-82.9295287,2017
40.3496953,-74.6597376,2017
41.0550969,-73.8201338,2017
41.0751048,-111.9741925,2017
41.1170203,20.8017715,2017
41.4091977,-122.1948645,2017
41.7003302,-88.0717708,2017
42.2528649,-73.790959,2017
42.3702996,-87.9020186,2017
42.9783924,-78.7997616,2017
43.7391889,-83.9622052,2017
43.7729744,-79.2576479,2017
44.2708719,19.8863297,2017
47.6144219,-122.192337,2017
48.7358807,1.3684254,2017
50.8331141,4.3668279,2017
52.1503721,10.3593147,2017
60.292997,25.0435254,2017
-36.7148099,142.2018105,2018
28.7007225,-81.349278,2018
29.5639758,-95.2864299,2018
31.5491899,-97.1474628,2018
32.5297498,-92.6386604,2018
32.6518004,-96.9083366,2018
33.5965685,-117.659405,2018
33.9412127,-84.2135309,2018
34.7509962,-77.4309829,2018
35.5111996,-78.346102,2018
36.2659698,-95.8548557,2018
39.4562528,-77.9639604,2018
39.6159851,-75.662956,2018
39.6828358,-75.7515682,2018
4.8459246,31.5959173,2018
40.4797828,-88.9939147,2018
41.2411556,-77.0011096,2018
42.2212188,-70.9391625,2018
43.4229305,-70.6546639,2018
44.650051,-93.2432791,2018
44.8146563,15.86896,2018
44.841225,-0.5800364,2018
49.1460165,31.2271744,2018
50.4302393,7.466302,2018
52.5173885,13.3951309,2018
57.3131712,25.2748551,2018
-8.8272699,13.2439512,2019
0.4086518,9.4418849,2019
15.5038301,32.5738979,2019
17.1184569,-61.8448509,2019
27.2939333,-80.3503283,2019
31.7165455,-86.2638492,2019
33.4942189,-111.926018,2019
34.016597,-80.4357496,2019
34.1261209,-117.5236622,2019
34.8785,-76.9014457,2019
34.9873822,-90.0034862,2019
35.2225717,-97.4394816,2019
35.6709727,-80.4742261,2019
35.925206,-86.8689419,2019
36.6468015,137.2183531,2019
37.8141419,-92.2266876,2019
38.2856247,-85.8241312,2019
38.7509488,-77.4752667,2019
40.2203907,-74.0120817,2019
40.5061,-80.2082,2019
41.085652,-73.8584684,2019
41.6008681,-87.6069894,2019
41.7255879,-87.825055,2019
41.7369023,45.3259549,2019
41.8425197,-89.4814291,2019
42.263079,-88.0039653,2019
43.060706,21.924246,2019
43.1009031,-75.2326641,2019
43.6435559,-79.5656326,2019
44.6086674,10.5940667,2019
44.9243986,-93.4114487,2019
45.4208777,-75.6901106,2019
45.428679,-122.497174,2019
45.5479864,13.7304781,2019
45.6072875,4.0627318,2019
47.313494,-122.33931,2019
48.8003835,2.2630238,2019
49.4938975,0.1079732,2019
9.5170602,-13.6998434,2019
-20.848084,-41.11129,2020
-28.4593692,-62.8359481,2020
-31.4166867,-64.1834193,2020
32.3092861,-90.1386811,2020
32.6882909,35.5733669,2020
33.9566391,-83.9890066,2020
33.9566869,-84.0227467,2020
34.5038393,-93.0552437,2020
34.8703223,-86.5713609,2020
35.613224,-77.3724593,2020
35.9556924,-80.0053176,2020
39.1938429,-76.8646092,2020
41.6611642,-86.1807031,2020
43.167206,11.467561,2020
43.6612012,7.1513834,2020
44.0206919,-88.5408574,2020
44.648618,-63.5859487,2020
44.7319094,-93.21772,2020
45.3809339,-122.7694369,2020
5.5571096,-0.2012376,2020
-1.6665685,29.225652,2021
-37.8768464,145.0691723,2021
11.0101922,-74.8231794,2021
27.9580004,-15.6062305,2021
30.0823981,-90.5585162,2021
31.5417405,-81.5233923,2021
31.8477347,-81.5960705,2021
32.5897831,-96.8570183,2021
32.7459645,-96.9977846,2021
32.9299655,-97.2271249,2021
33.8322043,-118.2517547,2021
34.1469416,-118.2478471,2021
35.2814779,139.6719597,2021
35.33908,25.1332843,2021
35.483406,-86.4602717,2021
35.7008914,-91.4450306,2021
36.6378774,-82.5809876,2021
37.7266635,-78.8472964,2021
38.5833842,-90.125109,2021
38.7077507,-9.1365919,2021
39.4453393,-83.8285375,2021
40.5683808,-3.2627134,2021
40.6531617,38.5172032,2021
41.4776121,-91.1210053,2021
41.6664781,-81.3399769,2021
42.0965167,-79.2380322,2021
42.8238387,19.5218005,2021
44.1015097,-79.4914772,2021
45.030719,-93.3375973,2021
46.3239233,-0.4646064,2021
48.118146,-123.430741,2021
49.261277,13.9025043,2021
50.9524769,1.8538446,2021
54.6792304,23.2004406,2021
-36.7590183,144.2826718,2022
-37.5623013,143.8605645,2022
-38.1946636,146.5381646,2022
26.3586885,-80.0830984,2022
33.4487257,-84.4549262,2022
33.6101096,-84.287978,2022
34.0696501,-118.3963062,2022
34.6508092,-82.7820663,2022
35.1556451,-89.7761955,2022
36.62593,-121.816926,2022
36.6828041,-101.4815493,2022
38.1944667,-95.7427641,2022
38.9841969,-74.8142502,2022
40.6534835,-73.6113502,2022
40.782634,-73.2566332,2022
40.9837089,-73.9798601,2022
41.6024068,-71.2503157,2022
42.3102619,13.9575901,2022
42.5361805,-92.447758,2022
42.9836747,-81.2496068,2022
43.0297887,-76.0043643,2022
43.99973,-79.467545,2022
44.4056615,0.7046455,2022
46.601557,-120.510842,2022
52.6362,-1.1331969,2022
9.0643305,7.4892974,2022
-22.9110137,-43.2093727,2023
12.6132655,-7.9847391,2023
18.4210569,-64.6388325,2023
26.0061943,-80.2872086,2023
30.5882429,-91.168163,2023
33.0186699,-80.1762704,2023
33.046233,-96.994174,2023
34.0028569,-84.1441046,2023
34.9498007,-81.9320157,2023
34.9854275,-80.5495112,2023
35.1746503,33.3638783,2023
35.4094178,-80.5800049,2023
38.7071247,-121.2810611,2023
38.9228697,-76.6277374,2023
39.0657788,-76.6876169,2023
39.3964591,-76.6148148,2023
39.6136987,-86.1095429,2023
39.7378811,-76.7013609,2023
39.830391,-75.2404608,2023
40.1226101,-75.0635049,2023
40.2492741,-75.1340604,2023
40.5464326,-74.4660542,2023
40.9912955,29.0245631,2023
41.1613168,-73.8620367,2023
42.5896205,-72.6110645,2023
42.9362232,-74.1905821,2023
42.9596903,-87.98132,2023
44.0234387,-92.4630182,2023
46.0345572,4.0729178,2023
48.584614,7.7507127,2023
48.8264842,2.1257808,2023
48.8437412,2.219344,2023
50.8465573,4.351697,2023
8.179364,32.1528986,2023
-28.3267617,153.3971541,2024
-28.77035,114.6147159,2024
-31.9558967,115.8605784,2024
30.3105666,-89.3275482,2024
30.5889265,-84.5762388,2024
32.9481789,-96.7297206,2024
33.1031744,-96.6705503,2024
33.285669,-86.8099884,2024
33.5966005,-83.8598742,2024
33.9640825,132.101193,2024
34.2242902,-118.4453745,2024
36.7213028,-4.4216366,2024
37.9479786,-122.0607963,2024
38.2851657,109.7290619,2024
39.0203911,-94.6715509,2024
39.484898,-80.1426539,2024
40.372054,-73.9990269,2024
40.5584882,-111.9367107,2024
41.5235808,-90.5770967,2024
41.6086711,-88.2054345,2024
43.2924385,5.5703031,2024
43.8259136,17.0042416,2024
45.1084663,-122.897893,2024
46.3179006,6.9688929,2024
46.877229,-96.789821,2024
47.0898165,-122.4176008,2024
48.8198479,2.4159508,2024
5.334612,10.368438,2024
50.4665284,4.8661892,2024
52.3730796,4.8924534,2024
52.4574236,4.6111981,2024
54.3096314,13.0820846,2024
55.6052931,13.0001566,2024
25.720065,-79.2744573,2025
27.4957453,-81.4410425,2025
28.01633,-82.1234803,2025
29.5707831,-98.2330927,2025
32.7295705,-116.9668895,2025
33.5670562,-84.5810418,2025
34.1064895,-84.0335197,2025
34.7436791,-87.6532615,2025
36.8129564,118.0488401,2025
40.4191229,-86.8919011,2025
40.9350986,-74.0190281,2025
41.0167639,-74.2057012,2025
42.1350268,-87.7581188,2025
43.3600536,-80.3123023,2025
44.8353424,-69.2739365,2025
46.9979736,7.2075009,2025
48.2594396,7.454217,2025
48.7771486,2.4530731,2025
52.9534193,-1.1496461,2025
6.8063901,29.6767488,2025